	Acinonyx_jubatus__aciJub1_HiC.fasta_v2.functional.proteins	Ailurus_fulgens__ASM200746v1_HiC.fasta_v2.functional.proteins	Axis_porcinus__ASM379854v1_HiC.fasta_v2.functional.proteins	Balaenoptera_edeni__Balaenoptera_edeni_HiC.fasta_v2.functional.proteins	Bassariscus_sumichrasti__Bassariscus_sumichrasti_HiC.fasta_v2.functional.proteins	Bison_bison__Bison_UMD1.0_HiC.fasta_v2.functional.proteins	Camelus_dromedarius__PRJNA234474_Ca_dromedarius_V1.0_HiC.fasta_v2.functional.proteins	Canis_lupus_dingo__ASM325472v1_HiC.fasta_v2.functional.proteins	Canis_lupus_familiaris__canFamDis_HiC.fasta_v2.functional.proteins	Castor_canadensis__C.can_genome_v1.0_HiC.fasta_v2.functional.proteins	Cavia_porcellus__Cavpor3.0_HiC.fasta_v2.functional.proteins	Cebuella_pygmaea__Cebuella_pygmaea_HiC.fasta_v2.functional.proteins	Ceratotherium_simum__CerSimSim1.0_HiC.fasta_v2.functional.proteins	Chinchilla_x__ChiLan1.0_HiC.fasta_v2.functional.proteins	Choloepus_hoffmanni__C_hoffmanni-2.0.1_HiC.fasta_v2.functional.proteins	Coendou_prehensilis__Coendou_prehensilis_HiC.fasta_v2.functional.proteins	Connochaetes_taurinus__BWD_HiC.fasta_v2.functional.proteins	Cricetulus_griseus__CriGri-PICR_HiC.fasta_v2.functional.proteins	Crocuta_crocuta__Crocuta_crocuta_HiC.fasta_v2.functional.proteins	Cryptoprocta_ferox__Cryptoprocta_ferox_HiC.fasta_v2.functional.proteins	Delphinapterus_leucas__ASM228892v2_HiC.fasta_v2.functional.proteins	Didelphis_virginiana__dv-2k.fasta_v2.functional.proteins	Eidolon_helvum__ASM46528v1_HiC.fasta_v2.functional.proteins	Elephas_maximus__Elephas_maximus_HiC.fasta_v2.functional.proteins	Enhydra_lutris__ASM228890v2_HiC.fasta_v2.functional.proteins	Equus_asinus__ASM303372v1_HiC.fasta_v2.functional.proteins	Erethizon_dorsatum__GSC_porc_1.0_HiC.fasta_v2.functional.proteins	Eubalaena_glacialis__Eubalaena_glacialis_HiC.fasta_v2.functional.proteins	Eulemur_flavifrons__Eflavifronsk33QCA_HiC.fasta_v2.functional.proteins	Fukomys_damarensis__DMR_v1.0_HiC.fasta_v2.functional.proteins	Giraffa_camelopardalis__ASM165123v1_HiC.fasta_v2.functional.proteins	Globicephala_melas__ASM654740v1_HiC.fasta_v2.functional.proteins	Hippotragus_niger__Sable_antelope_Masurca.scf_HiC.fasta_v2.functional.proteins	Lagenorhynchus_obliquidens__ASM367639v1_HiC.fasta_v2.functional.proteins	Lama_glama__Lama_glama_HiC.fasta_v2.functional.proteins	Litocranius_walleri__GRK_HiC.fasta_v2.functional.proteins	Lutra_lutra__mLutLut1_HiC.fasta_v2.functional.proteins	Lycaon_pictus__sis2-181106_HiC.fasta_v2.functional.proteins	Macropus_eugenii__me-1k.fasta_v2.functional.proteins	Macropus_fuliginosus__mf-2k.fasta_v2.functional.proteins	Macropus_giganteus__mg-2k.fasta_v2.functional.proteins	Macropus_rufus__mr-2k.fasta_v2.functional.proteins	Mandrillus_sphinx__BGI_mandrill_1.0_HiC.fasta_v2.functional.proteins	Mesocricetus_auratus__MesAur1.0_HiC.fasta_v2.functional.proteins	Microcebus_murinus__Mmur_3.0_HiC.fasta_v2.functional.proteins	Mirounga_angustirostris__Mirounga_angustirostris_HiC.fasta_v2.functional.proteins	Monodelphis_domestica__MonDom5_HiC.fasta_v2.functional.proteins	Muntiacus_reevesi__CIJ_HiC.fasta_v2.functional.proteins	Mustela_putorius_furo__MusPutFur1.0_HiC.fasta_v2.functional.proteins	Myotis_lucifugus__Myoluc2.0_HiC.fasta_v2.functional.proteins	Nasua_narica__Nasua_narica_HiC.fasta_v2.functional.proteins	Neofelis_nebulosa__Neofelis_nebulosa_HiC.fasta_v2.functional.proteins	Odobenus_rosmarus__Oros_1.0_HiC.fasta_v2.functional.proteins	Odocoileus_virginianus__Ovir.te_1.0_HiC.fasta_v2.functional.proteins	Okapia_johnstoni__ASM166083v1_HiC.fasta_v2.functional.proteins	Orcinus_orca__Oorc_1.1_HiC.fasta_v2.functional.proteins	Orycteropus_afer__OryAfe1.0_HiC.fasta_v2.functional.proteins	Oryctolagus_cuniculus__OryCun2.0_HiC.fasta_v2.functional.proteins	Oryx_dammah__oryx.1_HiC.fasta_v2.functional.proteins	Panthera_onca__Panthera_onca_HiC.fasta_v2.functional.proteins	Panthera_pardus__PanPar1.0_HiC.fasta_v2.functional.proteins	Panthera_tigris__PanTig1.0_HiC.fasta_v2.functional.proteins	Peponocephala_electra__Peponocephala_electra_HiC.fasta_v2.functional.proteins	Peromyscus_crinitus__pecr10X_v2_HiC.fasta_v2.functional.proteins	Peromyscus_nasutus__Peromyscus_nasutus_10x_v1_HiC.fasta_v2.functional.proteins	Phalanger_gymnotis__pg-2k.fasta_v2.functional.proteins	Phoca_vitulina__GSC_HSeal_1.0_HiC.fasta_v2.functional.proteins	Phocoena_phocoena__Phocoena_phocoena_HiC.fasta_v2.functional.proteins	Potos_flavus__Potos_flavus_HiC.fasta_v2.functional.proteins	Procavia_capensis__Pcap_2.0_HiC.fasta_v2.functional.proteins	Procyon_lotor__pl-1k.fasta_v2.functional.proteins	Propithecus_coquereli__Pcoq_1.0_HiC.fasta_v2.functional.proteins	Pseudocheirus_occidentalis__Pseudocheirus_occidentalis_HiC.fasta_v2.functional.proteins	Pseudochirops_corinnae__Pseudochirops_corinnae_HiC.fasta_v2.functional.proteins	Pseudochirops_cupreus__Pseudochirops_cupreus_HiC.fasta_v2.functional.proteins	Pteropus_rufus__Pteropus_rufus_HiC.fasta_v2.functional.proteins	Pteropus_vampyrus__Pvam_2.0_HiC.fasta_v2.functional.proteins	Puma_concolor__PumCon1.0_HiC.fasta_v2.functional.proteins	Saimiri_boliviensis__saiBolDis_HiC.fasta_v2.functional.proteins	Struthio_camelus__ASM69896v1_HiC.fasta_v2.functional.proteins	Suricata_suricatta__meerkat_22Aug2017_6uvM2_HiC.fasta_v2.functional.proteins	Tapirus_indicus__Tapirus_indicus_HiC.fasta_v2.functional.proteins	Trichechus_manatus__TriManLat1.0_HiC.fasta_v2.functional.proteins	Tursiops_aduncus__ASM322739v1_HiC.fasta_v2.functional.proteins	Tursiops_truncatus__NIST_Tur_tru_v1_HiC.fasta_v2.functional.proteins	Ursus_americanus__ASM334442v1_HiC.fasta_v2.functional.proteins	Ursus_arctos__ASM358476v1_HiC.fasta_v2.functional.proteins	Ursus_maritimus__UrsMar_1.0_HiC.fasta_v2.functional.proteins	Vicugna_pacos__Vicugna_pacos-2.0.1_HiC.fasta_v2.functional.proteins	Vombatus_ursinus__vu-2k.fasta_v2.functional.proteins	Vulpes_vulpes__VulVul2.2_HiC.fasta_v2.functional.proteins
Number of genes	27562	27895	28479	27473	29153	28151	22699	30229	30045	28117	26919	45230	24739	25676	37982	23430	26141	29002	27578	27861	28098	25891	22417	26246	25655	24953	24164	25132	25437	25881	25801	27283	23846	27527	24657	28533	32278	29043	28302	28000	28128	27412	43427	25366	28810	32777	27270	27074	26783	30536	27929	29785	34405	28017	22970	27038	25515	26790	28559	29651	28246	28090	27370	30389	31169	31295	34325	26562	27890	22880	28273	28550	34072	30992	30172	23429	24436	26257	45707	14432	27442	23799	25094	28897	23794	29553	29925	28017	23440	26789	29532
Number of genes in orthogroups	26532	26497	27694	26750	27824	26871	22004	29595	29500	26671	25190	37009	23955	23719	35557	22830	25491	27291	26406	26636	27296	24734	21618	25405	24369	23302	23556	24498	24342	23576	25157	26705	23394	26882	24199	27669	29961	28286	27468	27294	27425	26552	34580	23847	26635	30395	24613	26308	25270	28247	26796	28632	31763	27010	22351	26473	24537	24803	27905	28733	27239	27146	26924	28802	29556	29650	31410	25956	26686	22185	27200	27111	32241	29834	29001	22897	23868	25456	36724	14027	26302	23106	24238	28143	23316	28461	28654	26888	22986	25325	28333
Number of unassigned genes	1030	1398	785	723	1329	1280	695	634	545	1446	1729	8221	784	1957	2425	600	650	1711	1172	1225	802	1157	799	841	1286	1651	608	634	1095	2305	644	578	452	645	458	864	2317	757	834	706	703	860	8847	1519	2175	2382	2657	766	1513	2289	1133	1153	2642	1007	619	565	978	1987	654	918	1007	944	446	1587	1613	1645	2915	606	1204	695	1073	1439	1831	1158	1171	532	568	801	8983	405	1140	693	856	754	478	1092	1271	1129	454	1464	1199
Percentage of genes in orthogroups	96.3	95.0	97.2	97.4	95.4	95.5	96.9	97.9	98.2	94.9	93.6	81.8	96.8	92.4	93.6	97.4	97.5	94.1	95.8	95.6	97.1	95.5	96.4	96.8	95.0	93.4	97.5	97.5	95.7	91.1	97.5	97.9	98.1	97.7	98.1	97.0	92.8	97.4	97.1	97.5	97.5	96.9	79.6	94.0	92.5	92.7	90.3	97.2	94.4	92.5	95.9	96.1	92.3	96.4	97.3	97.9	96.2	92.6	97.7	96.9	96.4	96.6	98.4	94.8	94.8	94.7	91.5	97.7	95.7	97.0	96.2	95.0	94.6	96.3	96.1	97.7	97.7	96.9	80.3	97.2	95.8	97.1	96.6	97.4	98.0	96.3	95.8	96.0	98.1	94.5	95.9
Percentage of unassigned genes	3.7	5.0	2.8	2.6	4.6	4.5	3.1	2.1	1.8	5.1	6.4	18.2	3.2	7.6	6.4	2.6	2.5	5.9	4.2	4.4	2.9	4.5	3.6	3.2	5.0	6.6	2.5	2.5	4.3	8.9	2.5	2.1	1.9	2.3	1.9	3.0	7.2	2.6	2.9	2.5	2.5	3.1	20.4	6.0	7.5	7.3	9.7	2.8	5.6	7.5	4.1	3.9	7.7	3.6	2.7	2.1	3.8	7.4	2.3	3.1	3.6	3.4	1.6	5.2	5.2	5.3	8.5	2.3	4.3	3.0	3.8	5.0	5.4	3.7	3.9	2.3	2.3	3.1	19.7	2.8	4.2	2.9	3.4	2.6	2.0	3.7	4.2	4.0	1.9	5.5	4.1
Number of orthogroups containing species	18663	17814	18841	19018	18423	18421	16698	20202	20270	17277	16553	20259	17386	16470	18419	16646	18532	17232	18041	18194	19355	15938	15840	17155	16785	17290	16892	17852	17349	16369	18278	19109	17253	19297	17827	18585	18953	19327	17258	17362	17454	17021	19667	16595	17841	19243	15828	18416	17414	16469	18133	20098	19353	18875	16242	19278	16948	16055	19228	20133	19198	19150	19691	17769	17765	16628	19730	18893	18380	15733	18214	18052	16820	17114	17177	17351	17529	18621	20219	11254	17619	16900	17084	19590	17543	19833	20111	19240	17395	16303	18970
Percentage of orthogroups containing species	27.9	26.7	28.2	28.5	27.6	27.6	25.0	30.2	30.3	25.9	24.8	30.3	26.0	24.6	27.6	24.9	27.7	25.8	27.0	27.2	29.0	23.9	23.7	25.7	25.1	25.9	25.3	26.7	26.0	24.5	27.4	28.6	25.8	28.9	26.7	27.8	28.4	28.9	25.8	26.0	26.1	25.5	29.4	24.8	26.7	28.8	23.7	27.6	26.1	24.6	27.1	30.1	29.0	28.2	24.3	28.9	25.4	24.0	28.8	30.1	28.7	28.7	29.5	26.6	26.6	24.9	29.5	28.3	27.5	23.5	27.3	27.0	25.2	25.6	25.7	26.0	26.2	27.9	30.3	16.8	26.4	25.3	25.6	29.3	26.3	29.7	30.1	28.8	26.0	24.4	28.4
Number of species-specific orthogroups	10	14	9	5	12	11	6	16	1	112	93	223	26	29	178	4	0	86	15	11	23	16	2	20	13	16	14	4	12	41	3	22	0	14	5	30	23	5	5	6	4	2	191	30	25	36	72	9	7	191	10	12	20	4	11	7	12	93	13	7	15	6	5	119	134	24	32	4	2	20	2	29	23	32	13	3	15	2	193	6	12	9	14	20	1	23	11	1	4	26	3
Number of genes in species-specific orthogroups	24	63	23	10	28	24	14	52	2	372	531	723	279	87	542	10	0	502	68	31	141	35	4	45	26	85	34	8	30	124	6	153	0	146	10	62	72	10	11	14	8	4	551	67	50	92	272	24	21	1596	28	28	50	8	23	53	36	342	27	16	32	14	16	428	659	51	75	46	4	56	4	74	52	67	28	6	47	4	759	12	25	22	41	104	2	111	134	10	10	69	6
Percentage of genes in species-specific orthogroups	0.1	0.2	0.1	0.0	0.1	0.1	0.1	0.2	0.0	1.3	2.0	1.6	1.1	0.3	1.4	0.0	0.0	1.7	0.2	0.1	0.5	0.1	0.0	0.2	0.1	0.3	0.1	0.0	0.1	0.5	0.0	0.6	0.0	0.5	0.0	0.2	0.2	0.0	0.0	0.1	0.0	0.0	1.3	0.3	0.2	0.3	1.0	0.1	0.1	5.2	0.1	0.1	0.1	0.0	0.1	0.2	0.1	1.3	0.1	0.1	0.1	0.0	0.1	1.4	2.1	0.2	0.2	0.2	0.0	0.2	0.0	0.3	0.2	0.2	0.1	0.0	0.2	0.0	1.7	0.1	0.1	0.1	0.2	0.4	0.0	0.4	0.4	0.0	0.0	0.3	0.0


Number of genes per-species in orthogroup	Number of orthogroups	Number of orthogroups	Number of orthogroups	Number of orthogroups	Number of orthogroups	Number of orthogroups	Number of orthogroups	Number of orthogroups	Number of orthogroups	Number of orthogroups	Number of orthogroups	Number of orthogroups	Number of orthogroups	Number of orthogroups	Number of orthogroups	Number of orthogroups	Number of orthogroups	Number of orthogroups	Number of orthogroups	Number of orthogroups	Number of orthogroups	Number of orthogroups	Number of orthogroups	Number of orthogroups	Number of orthogroups	Number of orthogroups	Number of orthogroups	Number of orthogroups	Number of orthogroups	Number of orthogroups	Number of orthogroups	Number of orthogroups	Number of orthogroups	Number of orthogroups	Number of orthogroups	Number of orthogroups	Number of orthogroups	Number of orthogroups	Number of orthogroups	Number of orthogroups	Number of orthogroups	Number of orthogroups	Number of orthogroups	Number of orthogroups	Number of orthogroups	Number of orthogroups	Number of orthogroups	Number of orthogroups	Number of orthogroups	Number of orthogroups	Number of orthogroups	Number of orthogroups	Number of orthogroups	Number of orthogroups	Number of orthogroups	Number of orthogroups	Number of orthogroups	Number of orthogroups	Number of orthogroups	Number of orthogroups	Number of orthogroups	Number of orthogroups	Number of orthogroups	Number of orthogroups	Number of orthogroups	Number of orthogroups	Number of orthogroups	Number of orthogroups	Number of orthogroups	Number of orthogroups	Number of orthogroups	Number of orthogroups	Number of orthogroups	Number of orthogroups	Number of orthogroups	Number of orthogroups	Number of orthogroups	Number of orthogroups	Number of orthogroups	Number of orthogroups	Number of orthogroups	Number of orthogroups	Number of orthogroups	Number of orthogroups	Number of orthogroups	Number of orthogroups	Number of orthogroups	Number of orthogroups	Number of orthogroups	Number of orthogroups	Number of orthogroups
'0	48154	49003	47976	47799	48394	48396	50119	46615	46547	49540	50264	46558	49431	50347	48398	50171	48285	49585	48776	48623	47462	50879	50977	49662	50032	49527	49925	48965	49468	50448	48539	47708	49564	47520	48990	48232	47864	47490	49559	49455	49363	49796	47150	50222	48976	47574	50989	48401	49403	50348	48684	46719	47464	47942	50575	47539	49869	50762	47589	46684	47619	47667	47126	49048	49052	50189	47087	47924	48437	51084	48603	48765	49997	49703	49640	49466	49288	48196	46598	55563	49198	49917	49733	47227	49274	46984	46706	47577	49422	50514	47847
'1	15238	14310	14957	14954	14547	14633	13656	16472	16507	12985	12974	14798	14213	12978	12867	13231	15022	13424	14268	14580	15608	11851	12580	13433	13837	14131	13483	14338	14075	12761	14736	15527	14225	15752	14255	14214	15172	15734	13024	13210	13299	12954	14858	13016	13849	15369	11811	14813	14205	12140	14533	16590	15305	15063	13045	15599	13125	12231	15056	16451	15845	15732	15960	13014	12809	11948	15828	15269	14786	12402	14280	13980	11777	12054	12586	14421	14170	15374	14752	9141	13922	13626	13427	15439	14404	16177	16524	15967	14250	12304	15152
'2	2265	2246	2460	2673	2500	2459	2075	2309	2405	2725	2356	3203	2141	2242	3058	2296	2305	2291	2512	2384	2447	2571	2320	2502	1955	2146	2231	2269	2162	2323	2300	2334	2020	2318	2449	2783	2380	2273	2643	2622	2618	2548	2908	2392	2494	2447	2528	2272	2057	2585	2332	2324	2449	2453	2128	2384	2562	2382	2710	2477	2211	2290	2446	3026	3079	2813	2446	2407	2392	2301	2577	2593	2886	3074	2780	2015	2319	2178	3278	1661	2400	2246	2431	2678	2147	2385	2359	2153	2179	2527	2445
'3	612	638	703	759	745	704	583	712	670	810	612	1049	585	692	1075	676	663	741	674	665	745	803	567	678	517	602	657	717	606	710	693	701	540	688	663	840	690	661	796	751	757	753	874	629	769	732	804	690	606	869	674	609	751	705	588	776	692	721	769	652	628	595	747	850	937	878	701	699	620	586	710	784	1015	936	874	550	590	580	1041	331	679	586	672	842	562	646	646	614	556	793	673
'4	230	236	299	287	246	242	177	237	248	318	217	427	180	241	503	213	231	259	243	234	242	282	161	225	178	180	232	241	210	240	232	241	193	240	213	335	257	231	313	297	302	320	372	240	287	249	277	277	205	304	235	242	288	275	219	209	249	276	284	221	201	223	238	369	375	345	281	239	254	182	261	304	394	430	356	150	193	193	423	81	255	194	233	267	212	273	233	197	180	280	268
'5	98	94	129	118	108	124	84	124	108	142	117	208	78	99	251	73	95	146	102	87	99	163	80	101	80	78	91	113	79	110	105	108	87	95	87	126	135	121	136	144	136	136	170	94	147	134	142	108	97	154	102	92	134	118	84	106	110	129	139	93	83	95	106	131	176	188	126	93	78	87	113	111	190	177	164	71	101	88	207	23	102	81	119	143	81	103	108	94	77	103	114
'6	50	67	80	70	62	61	35	76	69	82	57	102	43	49	141	48	63	71	62	47	47	69	28	56	52	33	61	38	59	66	58	53	46	58	45	73	79	63	71	83	86	66	92	43	76	64	71	74	57	89	62	49	93	61	49	53	58	75	64	59	59	45	56	94	89	89	77	60	57	40	63	58	111	89	75	35	37	50	114	7	57	48	51	59	32	50	51	40	49	67	67
'7	33	35	45	45	41	37	22	52	51	31	40	73	32	36	104	31	31	64	31	33	44	38	25	39	34	22	32	35	30	40	35	28	24	27	23	52	34	47	62	46	49	47	67	46	47	33	44	35	39	56	40	31	60	43	36	48	38	55	39	33	38	33	34	53	50	65	46	22	40	31	45	37	66	62	55	20	26	39	61	4	37	26	37	35	19	32	36	33	24	40	52
'8	11	32	26	21	30	25	15	46	40	39	40	69	18	22	74	16	17	33	22	27	27	25	8	19	16	26	27	23	19	20	29	25	21	22	26	33	29	36	35	34	35	26	44	29	35	36	26	27	18	42	22	23	42	28	22	22	21	27	30	18	14	19	21	48	43	48	34	22	22	20	29	33	57	38	39	12	11	24	47	1	28	15	26	22	16	30	28	27	20	30	29
'9	25	23	13	22	17	19	9	32	29	29	23	47	17	15	44	16	12	25	17	26	16	26	7	12	14	10	18	20	20	18	21	13	15	15	12	22	26	31	16	26	21	24	33	18	15	25	19	24	16	26	21	24	33	19	11	7	17	20	29	19	13	19	16	24	30	23	21	13	26	13	18	27	41	38	44	14	9	11	34	2	17	10	11	11	17	24	20	16	10	26	21
'10	19	10	18	12	17	12	4	19	21	13	16	41	16	11	42	4	17	21	18	12	11	15	8	12	12	6	10	13	9	13	8	12	12	11	8	12	22	16	24	16	16	23	18	14	13	20	10	11	16	32	15	17	26	17	10	10	10	28	17	14	17	15	7	14	29	29	22	12	11	8	11	15	39	27	32	4	9	8	27	1	14	10	17	15	11	13	8	12	5	17	19
11-15	29	59	59	33	43	49	25	52	55	51	45	98	24	47	114	22	43	70	34	40	30	46	31	32	41	28	25	26	33	39	33	28	38	32	28	46	45	42	53	63	55	50	95	33	46	54	41	36	34	65	37	36	66	49	23	31	33	49	42	38	34	29	23	71	64	65	62	23	35	29	50	53	95	88	69	28	30	31	94	2	45	36	29	38	17	33	43	38	27	44	58
16-20	14	17	13	11	18	22	6	27	21	21	18	44	14	11	43	6	19	29	18	17	13	14	9	13	8	13	7	8	23	17	14	14	14	10	7	18	25	25	37	24	32	33	42	21	22	22	18	20	21	35	15	17	28	17	7	13	10	25	19	15	16	13	18	29	31	51	25	12	17	11	13	16	41	35	34	12	13	12	31	0	16	8	13	17	12	23	13	9	9	20	28
21-50	30	36	32	11	34	28	6	29	36	26	28	65	20	24	78	11	12	48	32	32	16	31	15	23	28	13	16	9	18	10	12	18	16	21	10	29	40	35	35	34	35	33	68	17	38	41	32	24	32	57	33	31	57	22	19	18	16	32	27	35	29	33	17	37	39	68	41	19	32	20	34	35	72	53	55	17	18	29	80	0	37	11	15	17	12	33	31	32	8	47	33
51-100	4	7	6	1	11	5	0	13	7	2	8	24	4	2	18	2	1	7	4	6	8	3	0	5	8	1	1	1	4	0	1	5	1	6	0	1	8	9	12	10	11	6	17	3	2	11	4	4	7	11	9	8	14	4	0	1	6	4	2	2	4	4	1	6	12	15	12	2	8	2	7	4	31	12	12	1	2	3	18	0	6	2	2	5	0	6	7	4	0	5	8
101-150	3	3	0	0	2	0	1	1	2	1	0	4	0	1	3	1	0	3	3	1	0	1	1	2	2	0	1	0	2	1	1	0	0	0	0	0	5	2	1	2	2	2	3	0	0	1	1	0	3	2	1	1	2	0	1	0	1	0	0	3	3	2	0	2	2	3	1	0	0	1	1	1	4	1	2	1	1	0	4	0	3	0	0	1	0	3	1	1	1	0	2
151-200	1	0	1	0	1	1	0	1	1	2	0	3	0	0	2	0	1	0	1	2	2	0	0	2	0	1	0	1	0	1	0	2	1	2	1	1	3	1	0	0	0	0	1	0	1	1	0	1	1	1	1	3	3	1	0	1	0	1	1	2	2	2	1	1	0	0	2	1	1	0	2	1	1	0	0	0	0	1	5	0	1	1	1	1	1	2	2	2	0	0	1
201-500	1	1	0	1	1	0	0	0	0	0	2	4	1	0	2	0	0	0	0	1	0	0	0	1	3	0	0	0	0	0	0	0	0	0	0	0	3	0	0	0	0	0	5	0	0	4	0	0	0	1	1	1	2	0	0	0	0	0	0	1	1	1	0	0	0	0	4	0	1	0	0	0	0	0	0	0	0	0	3	0	0	0	0	0	0	0	1	1	0	0	0
501-1000	0	0	0	0	0	0	0	0	0	0	0	0	0	0	0	0	0	0	0	0	0	0	0	0	0	0	0	0	0	0	0	0	0	0	0	0	0	0	0	0	0	0	0	0	0	0	0	0	0	0	0	0	0	0	0	0	0	0	0	0	0	0	0	0	0	0	1	0	0	0	0	0	0	0	0	0	0	0	0	0	0	0	0	0	0	0	0	0	0	0	0
'1001+	0	0	0	0	0	0	0	0	0	0	0	0	0	0	0	0	0	0	0	0	0	0	0	0	0	0	0	0	0	0	0	0	0	0	0	0	0	0	0	0	0	0	0	0	0	0	0	0	0	0	0	0	0	0	0	0	0	0	0	0	0	0	0	0	0	0	0	0	0	0	0	0	0	0	0	0	0	0	0	0	0	0	0	0	0	0	0	0	0	0	0

Number of genes per-species in orthogroup	Percentage of orthogroups	Percentage of orthogroups	Percentage of orthogroups	Percentage of orthogroups	Percentage of orthogroups	Percentage of orthogroups	Percentage of orthogroups	Percentage of orthogroups	Percentage of orthogroups	Percentage of orthogroups	Percentage of orthogroups	Percentage of orthogroups	Percentage of orthogroups	Percentage of orthogroups	Percentage of orthogroups	Percentage of orthogroups	Percentage of orthogroups	Percentage of orthogroups	Percentage of orthogroups	Percentage of orthogroups	Percentage of orthogroups	Percentage of orthogroups	Percentage of orthogroups	Percentage of orthogroups	Percentage of orthogroups	Percentage of orthogroups	Percentage of orthogroups	Percentage of orthogroups	Percentage of orthogroups	Percentage of orthogroups	Percentage of orthogroups	Percentage of orthogroups	Percentage of orthogroups	Percentage of orthogroups	Percentage of orthogroups	Percentage of orthogroups	Percentage of orthogroups	Percentage of orthogroups	Percentage of orthogroups	Percentage of orthogroups	Percentage of orthogroups	Percentage of orthogroups	Percentage of orthogroups	Percentage of orthogroups	Percentage of orthogroups	Percentage of orthogroups	Percentage of orthogroups	Percentage of orthogroups	Percentage of orthogroups	Percentage of orthogroups	Percentage of orthogroups	Percentage of orthogroups	Percentage of orthogroups	Percentage of orthogroups	Percentage of orthogroups	Percentage of orthogroups	Percentage of orthogroups	Percentage of orthogroups	Percentage of orthogroups	Percentage of orthogroups	Percentage of orthogroups	Percentage of orthogroups	Percentage of orthogroups	Percentage of orthogroups	Percentage of orthogroups	Percentage of orthogroups	Percentage of orthogroups	Percentage of orthogroups	Percentage of orthogroups	Percentage of orthogroups	Percentage of orthogroups	Percentage of orthogroups	Percentage of orthogroups	Percentage of orthogroups	Percentage of orthogroups	Percentage of orthogroups	Percentage of orthogroups	Percentage of orthogroups	Percentage of orthogroups	Percentage of orthogroups	Percentage of orthogroups	Percentage of orthogroups	Percentage of orthogroups	Percentage of orthogroups	Percentage of orthogroups	Percentage of orthogroups	Percentage of orthogroups	Percentage of orthogroups	Percentage of orthogroups	Percentage of orthogroups	Percentage of orthogroups
'0	72.1	73.3	71.8	71.5	72.4	72.4	75.0	69.8	69.7	74.1	75.2	69.7	74.0	75.4	72.4	75.1	72.3	74.2	73.0	72.8	71.0	76.1	76.3	74.3	74.9	74.1	74.7	73.3	74.0	75.5	72.6	71.4	74.2	71.1	73.3	72.2	71.6	71.1	74.2	74.0	73.9	74.5	70.6	75.2	73.3	71.2	76.3	72.4	73.9	75.4	72.9	69.9	71.0	71.8	75.7	71.1	74.6	76.0	71.2	69.9	71.3	71.3	70.5	73.4	73.4	75.1	70.5	71.7	72.5	76.5	72.7	73.0	74.8	74.4	74.3	74.0	73.8	72.1	69.7	83.2	73.6	74.7	74.4	70.7	73.7	70.3	69.9	71.2	74.0	75.6	71.6
'1	22.8	21.4	22.4	22.4	21.8	21.9	20.4	24.7	24.7	19.4	19.4	22.1	21.3	19.4	19.3	19.8	22.5	20.1	21.4	21.8	23.4	17.7	18.8	20.1	20.7	21.1	20.2	21.5	21.1	19.1	22.1	23.2	21.3	23.6	21.3	21.3	22.7	23.5	19.5	19.8	19.9	19.4	22.2	19.5	20.7	23.0	17.7	22.2	21.3	18.2	21.8	24.8	22.9	22.5	19.5	23.3	19.6	18.3	22.5	24.6	23.7	23.5	23.9	19.5	19.2	17.9	23.7	22.9	22.1	18.6	21.4	20.9	17.6	18.0	18.8	21.6	21.2	23.0	22.1	13.7	20.8	20.4	20.1	23.1	21.6	24.2	24.7	23.9	21.3	18.4	22.7
'2	3.4	3.4	3.7	4.0	3.7	3.7	3.1	3.5	3.6	4.1	3.5	4.8	3.2	3.4	4.6	3.4	3.4	3.4	3.8	3.6	3.7	3.8	3.5	3.7	2.9	3.2	3.3	3.4	3.2	3.5	3.4	3.5	3.0	3.5	3.7	4.2	3.6	3.4	4.0	3.9	3.9	3.8	4.4	3.6	3.7	3.7	3.8	3.4	3.1	3.9	3.5	3.5	3.7	3.7	3.2	3.6	3.8	3.6	4.1	3.7	3.3	3.4	3.7	4.5	4.6	4.2	3.7	3.6	3.6	3.4	3.9	3.9	4.3	4.6	4.2	3.0	3.5	3.3	4.9	2.5	3.6	3.4	3.6	4.0	3.2	3.6	3.5	3.2	3.3	3.8	3.7
'3	0.9	1.0	1.1	1.1	1.1	1.1	0.9	1.1	1.0	1.2	0.9	1.6	0.9	1.0	1.6	1.0	1.0	1.1	1.0	1.0	1.1	1.2	0.8	1.0	0.8	0.9	1.0	1.1	0.9	1.1	1.0	1.0	0.8	1.0	1.0	1.3	1.0	1.0	1.2	1.1	1.1	1.1	1.3	0.9	1.2	1.1	1.2	1.0	0.9	1.3	1.0	0.9	1.1	1.1	0.9	1.2	1.0	1.1	1.2	1.0	0.9	0.9	1.1	1.3	1.4	1.3	1.0	1.0	0.9	0.9	1.1	1.2	1.5	1.4	1.3	0.8	0.9	0.9	1.6	0.5	1.0	0.9	1.0	1.3	0.8	1.0	1.0	0.9	0.8	1.2	1.0
'4	0.3	0.4	0.4	0.4	0.4	0.4	0.3	0.4	0.4	0.5	0.3	0.6	0.3	0.4	0.8	0.3	0.3	0.4	0.4	0.4	0.4	0.4	0.2	0.3	0.3	0.3	0.3	0.4	0.3	0.4	0.3	0.4	0.3	0.4	0.3	0.5	0.4	0.3	0.5	0.4	0.5	0.5	0.6	0.4	0.4	0.4	0.4	0.4	0.3	0.5	0.4	0.4	0.4	0.4	0.3	0.3	0.4	0.4	0.4	0.3	0.3	0.3	0.4	0.6	0.6	0.5	0.4	0.4	0.4	0.3	0.4	0.5	0.6	0.6	0.5	0.2	0.3	0.3	0.6	0.1	0.4	0.3	0.3	0.4	0.3	0.4	0.3	0.3	0.3	0.4	0.4
'5	0.1	0.1	0.2	0.2	0.2	0.2	0.1	0.2	0.2	0.2	0.2	0.3	0.1	0.1	0.4	0.1	0.1	0.2	0.2	0.1	0.1	0.2	0.1	0.2	0.1	0.1	0.1	0.2	0.1	0.2	0.2	0.2	0.1	0.1	0.1	0.2	0.2	0.2	0.2	0.2	0.2	0.2	0.3	0.1	0.2	0.2	0.2	0.2	0.1	0.2	0.2	0.1	0.2	0.2	0.1	0.2	0.2	0.2	0.2	0.1	0.1	0.1	0.2	0.2	0.3	0.3	0.2	0.1	0.1	0.1	0.2	0.2	0.3	0.3	0.2	0.1	0.2	0.1	0.3	0.0	0.2	0.1	0.2	0.2	0.1	0.2	0.2	0.1	0.1	0.2	0.2
'6	0.1	0.1	0.1	0.1	0.1	0.1	0.1	0.1	0.1	0.1	0.1	0.2	0.1	0.1	0.2	0.1	0.1	0.1	0.1	0.1	0.1	0.1	0.0	0.1	0.1	0.0	0.1	0.1	0.1	0.1	0.1	0.1	0.1	0.1	0.1	0.1	0.1	0.1	0.1	0.1	0.1	0.1	0.1	0.1	0.1	0.1	0.1	0.1	0.1	0.1	0.1	0.1	0.1	0.1	0.1	0.1	0.1	0.1	0.1	0.1	0.1	0.1	0.1	0.1	0.1	0.1	0.1	0.1	0.1	0.1	0.1	0.1	0.2	0.1	0.1	0.1	0.1	0.1	0.2	0.0	0.1	0.1	0.1	0.1	0.0	0.1	0.1	0.1	0.1	0.1	0.1
'7	0.0	0.1	0.1	0.1	0.1	0.1	0.0	0.1	0.1	0.0	0.1	0.1	0.0	0.1	0.2	0.0	0.0	0.1	0.0	0.0	0.1	0.1	0.0	0.1	0.1	0.0	0.0	0.1	0.0	0.1	0.1	0.0	0.0	0.0	0.0	0.1	0.1	0.1	0.1	0.1	0.1	0.1	0.1	0.1	0.1	0.0	0.1	0.1	0.1	0.1	0.1	0.0	0.1	0.1	0.1	0.1	0.1	0.1	0.1	0.0	0.1	0.0	0.1	0.1	0.1	0.1	0.1	0.0	0.1	0.0	0.1	0.1	0.1	0.1	0.1	0.0	0.0	0.1	0.1	0.0	0.1	0.0	0.1	0.1	0.0	0.0	0.1	0.0	0.0	0.1	0.1
'8	0.0	0.0	0.0	0.0	0.0	0.0	0.0	0.1	0.1	0.1	0.1	0.1	0.0	0.0	0.1	0.0	0.0	0.0	0.0	0.0	0.0	0.0	0.0	0.0	0.0	0.0	0.0	0.0	0.0	0.0	0.0	0.0	0.0	0.0	0.0	0.0	0.0	0.1	0.1	0.1	0.1	0.0	0.1	0.0	0.1	0.1	0.0	0.0	0.0	0.1	0.0	0.0	0.1	0.0	0.0	0.0	0.0	0.0	0.0	0.0	0.0	0.0	0.0	0.1	0.1	0.1	0.1	0.0	0.0	0.0	0.0	0.0	0.1	0.1	0.1	0.0	0.0	0.0	0.1	0.0	0.0	0.0	0.0	0.0	0.0	0.0	0.0	0.0	0.0	0.0	0.0
'9	0.0	0.0	0.0	0.0	0.0	0.0	0.0	0.0	0.0	0.0	0.0	0.1	0.0	0.0	0.1	0.0	0.0	0.0	0.0	0.0	0.0	0.0	0.0	0.0	0.0	0.0	0.0	0.0	0.0	0.0	0.0	0.0	0.0	0.0	0.0	0.0	0.0	0.0	0.0	0.0	0.0	0.0	0.0	0.0	0.0	0.0	0.0	0.0	0.0	0.0	0.0	0.0	0.0	0.0	0.0	0.0	0.0	0.0	0.0	0.0	0.0	0.0	0.0	0.0	0.0	0.0	0.0	0.0	0.0	0.0	0.0	0.0	0.1	0.1	0.1	0.0	0.0	0.0	0.1	0.0	0.0	0.0	0.0	0.0	0.0	0.0	0.0	0.0	0.0	0.0	0.0
'10	0.0	0.0	0.0	0.0	0.0	0.0	0.0	0.0	0.0	0.0	0.0	0.1	0.0	0.0	0.1	0.0	0.0	0.0	0.0	0.0	0.0	0.0	0.0	0.0	0.0	0.0	0.0	0.0	0.0	0.0	0.0	0.0	0.0	0.0	0.0	0.0	0.0	0.0	0.0	0.0	0.0	0.0	0.0	0.0	0.0	0.0	0.0	0.0	0.0	0.0	0.0	0.0	0.0	0.0	0.0	0.0	0.0	0.0	0.0	0.0	0.0	0.0	0.0	0.0	0.0	0.0	0.0	0.0	0.0	0.0	0.0	0.0	0.1	0.0	0.0	0.0	0.0	0.0	0.0	0.0	0.0	0.0	0.0	0.0	0.0	0.0	0.0	0.0	0.0	0.0	0.0
11-15	0.0	0.1	0.1	0.0	0.1	0.1	0.0	0.1	0.1	0.1	0.1	0.1	0.0	0.1	0.2	0.0	0.1	0.1	0.1	0.1	0.0	0.1	0.0	0.0	0.1	0.0	0.0	0.0	0.0	0.1	0.0	0.0	0.1	0.0	0.0	0.1	0.1	0.1	0.1	0.1	0.1	0.1	0.1	0.0	0.1	0.1	0.1	0.1	0.1	0.1	0.1	0.1	0.1	0.1	0.0	0.0	0.0	0.1	0.1	0.1	0.1	0.0	0.0	0.1	0.1	0.1	0.1	0.0	0.1	0.0	0.1	0.1	0.1	0.1	0.1	0.0	0.0	0.0	0.1	0.0	0.1	0.1	0.0	0.1	0.0	0.0	0.1	0.1	0.0	0.1	0.1
16-20	0.0	0.0	0.0	0.0	0.0	0.0	0.0	0.0	0.0	0.0	0.0	0.1	0.0	0.0	0.1	0.0	0.0	0.0	0.0	0.0	0.0	0.0	0.0	0.0	0.0	0.0	0.0	0.0	0.0	0.0	0.0	0.0	0.0	0.0	0.0	0.0	0.0	0.0	0.1	0.0	0.0	0.0	0.1	0.0	0.0	0.0	0.0	0.0	0.0	0.1	0.0	0.0	0.0	0.0	0.0	0.0	0.0	0.0	0.0	0.0	0.0	0.0	0.0	0.0	0.0	0.1	0.0	0.0	0.0	0.0	0.0	0.0	0.1	0.1	0.1	0.0	0.0	0.0	0.0	0.0	0.0	0.0	0.0	0.0	0.0	0.0	0.0	0.0	0.0	0.0	0.0
21-50	0.0	0.1	0.0	0.0	0.1	0.0	0.0	0.0	0.1	0.0	0.0	0.1	0.0	0.0	0.1	0.0	0.0	0.1	0.0	0.0	0.0	0.0	0.0	0.0	0.0	0.0	0.0	0.0	0.0	0.0	0.0	0.0	0.0	0.0	0.0	0.0	0.1	0.1	0.1	0.1	0.1	0.0	0.1	0.0	0.1	0.1	0.0	0.0	0.0	0.1	0.0	0.0	0.1	0.0	0.0	0.0	0.0	0.0	0.0	0.1	0.0	0.0	0.0	0.1	0.1	0.1	0.1	0.0	0.0	0.0	0.1	0.1	0.1	0.1	0.1	0.0	0.0	0.0	0.1	0.0	0.1	0.0	0.0	0.0	0.0	0.0	0.0	0.0	0.0	0.1	0.0
51-100	0.0	0.0	0.0	0.0	0.0	0.0	0.0	0.0	0.0	0.0	0.0	0.0	0.0	0.0	0.0	0.0	0.0	0.0	0.0	0.0	0.0	0.0	0.0	0.0	0.0	0.0	0.0	0.0	0.0	0.0	0.0	0.0	0.0	0.0	0.0	0.0	0.0	0.0	0.0	0.0	0.0	0.0	0.0	0.0	0.0	0.0	0.0	0.0	0.0	0.0	0.0	0.0	0.0	0.0	0.0	0.0	0.0	0.0	0.0	0.0	0.0	0.0	0.0	0.0	0.0	0.0	0.0	0.0	0.0	0.0	0.0	0.0	0.0	0.0	0.0	0.0	0.0	0.0	0.0	0.0	0.0	0.0	0.0	0.0	0.0	0.0	0.0	0.0	0.0	0.0	0.0
101-150	0.0	0.0	0.0	0.0	0.0	0.0	0.0	0.0	0.0	0.0	0.0	0.0	0.0	0.0	0.0	0.0	0.0	0.0	0.0	0.0	0.0	0.0	0.0	0.0	0.0	0.0	0.0	0.0	0.0	0.0	0.0	0.0	0.0	0.0	0.0	0.0	0.0	0.0	0.0	0.0	0.0	0.0	0.0	0.0	0.0	0.0	0.0	0.0	0.0	0.0	0.0	0.0	0.0	0.0	0.0	0.0	0.0	0.0	0.0	0.0	0.0	0.0	0.0	0.0	0.0	0.0	0.0	0.0	0.0	0.0	0.0	0.0	0.0	0.0	0.0	0.0	0.0	0.0	0.0	0.0	0.0	0.0	0.0	0.0	0.0	0.0	0.0	0.0	0.0	0.0	0.0
151-200	0.0	0.0	0.0	0.0	0.0	0.0	0.0	0.0	0.0	0.0	0.0	0.0	0.0	0.0	0.0	0.0	0.0	0.0	0.0	0.0	0.0	0.0	0.0	0.0	0.0	0.0	0.0	0.0	0.0	0.0	0.0	0.0	0.0	0.0	0.0	0.0	0.0	0.0	0.0	0.0	0.0	0.0	0.0	0.0	0.0	0.0	0.0	0.0	0.0	0.0	0.0	0.0	0.0	0.0	0.0	0.0	0.0	0.0	0.0	0.0	0.0	0.0	0.0	0.0	0.0	0.0	0.0	0.0	0.0	0.0	0.0	0.0	0.0	0.0	0.0	0.0	0.0	0.0	0.0	0.0	0.0	0.0	0.0	0.0	0.0	0.0	0.0	0.0	0.0	0.0	0.0
201-500	0.0	0.0	0.0	0.0	0.0	0.0	0.0	0.0	0.0	0.0	0.0	0.0	0.0	0.0	0.0	0.0	0.0	0.0	0.0	0.0	0.0	0.0	0.0	0.0	0.0	0.0	0.0	0.0	0.0	0.0	0.0	0.0	0.0	0.0	0.0	0.0	0.0	0.0	0.0	0.0	0.0	0.0	0.0	0.0	0.0	0.0	0.0	0.0	0.0	0.0	0.0	0.0	0.0	0.0	0.0	0.0	0.0	0.0	0.0	0.0	0.0	0.0	0.0	0.0	0.0	0.0	0.0	0.0	0.0	0.0	0.0	0.0	0.0	0.0	0.0	0.0	0.0	0.0	0.0	0.0	0.0	0.0	0.0	0.0	0.0	0.0	0.0	0.0	0.0	0.0	0.0
501-1000	0.0	0.0	0.0	0.0	0.0	0.0	0.0	0.0	0.0	0.0	0.0	0.0	0.0	0.0	0.0	0.0	0.0	0.0	0.0	0.0	0.0	0.0	0.0	0.0	0.0	0.0	0.0	0.0	0.0	0.0	0.0	0.0	0.0	0.0	0.0	0.0	0.0	0.0	0.0	0.0	0.0	0.0	0.0	0.0	0.0	0.0	0.0	0.0	0.0	0.0	0.0	0.0	0.0	0.0	0.0	0.0	0.0	0.0	0.0	0.0	0.0	0.0	0.0	0.0	0.0	0.0	0.0	0.0	0.0	0.0	0.0	0.0	0.0	0.0	0.0	0.0	0.0	0.0	0.0	0.0	0.0	0.0	0.0	0.0	0.0	0.0	0.0	0.0	0.0	0.0	0.0
'1001+	0.0	0.0	0.0	0.0	0.0	0.0	0.0	0.0	0.0	0.0	0.0	0.0	0.0	0.0	0.0	0.0	0.0	0.0	0.0	0.0	0.0	0.0	0.0	0.0	0.0	0.0	0.0	0.0	0.0	0.0	0.0	0.0	0.0	0.0	0.0	0.0	0.0	0.0	0.0	0.0	0.0	0.0	0.0	0.0	0.0	0.0	0.0	0.0	0.0	0.0	0.0	0.0	0.0	0.0	0.0	0.0	0.0	0.0	0.0	0.0	0.0	0.0	0.0	0.0	0.0	0.0	0.0	0.0	0.0	0.0	0.0	0.0	0.0	0.0	0.0	0.0	0.0	0.0	0.0	0.0	0.0	0.0	0.0	0.0	0.0	0.0	0.0	0.0	0.0	0.0	0.0

Number of genes per-species in orthogroup	Number of genes	Number of genes	Number of genes	Number of genes	Number of genes	Number of genes	Number of genes	Number of genes	Number of genes	Number of genes	Number of genes	Number of genes	Number of genes	Number of genes	Number of genes	Number of genes	Number of genes	Number of genes	Number of genes	Number of genes	Number of genes	Number of genes	Number of genes	Number of genes	Number of genes	Number of genes	Number of genes	Number of genes	Number of genes	Number of genes	Number of genes	Number of genes	Number of genes	Number of genes	Number of genes	Number of genes	Number of genes	Number of genes	Number of genes	Number of genes	Number of genes	Number of genes	Number of genes	Number of genes	Number of genes	Number of genes	Number of genes	Number of genes	Number of genes	Number of genes	Number of genes	Number of genes	Number of genes	Number of genes	Number of genes	Number of genes	Number of genes	Number of genes	Number of genes	Number of genes	Number of genes	Number of genes	Number of genes	Number of genes	Number of genes	Number of genes	Number of genes	Number of genes	Number of genes	Number of genes	Number of genes	Number of genes	Number of genes	Number of genes	Number of genes	Number of genes	Number of genes	Number of genes	Number of genes	Number of genes	Number of genes	Number of genes	Number of genes	Number of genes	Number of genes	Number of genes	Number of genes	Number of genes	Number of genes	Number of genes	Number of genes
'0	0	0	0	0	0	0	0	0	0	0	0	0	0	0	0	0	0	0	0	0	0	0	0	0	0	0	0	0	0	0	0	0	0	0	0	0	0	0	0	0	0	0	0	0	0	0	0	0	0	0	0	0	0	0	0	0	0	0	0	0	0	0	0	0	0	0	0	0	0	0	0	0	0	0	0	0	0	0	0	0	0	0	0	0	0	0	0	0	0	0	0
'1	15238	14310	14957	14954	14547	14633	13656	16472	16507	12985	12974	14798	14213	12978	12867	13231	15022	13424	14268	14580	15608	11851	12580	13433	13837	14131	13483	14338	14075	12761	14736	15527	14225	15752	14255	14214	15172	15734	13024	13210	13299	12954	14858	13016	13849	15369	11811	14813	14205	12140	14533	16590	15305	15063	13045	15599	13125	12231	15056	16451	15845	15732	15960	13014	12809	11948	15828	15269	14786	12402	14280	13980	11777	12054	12586	14421	14170	15374	14752	9141	13922	13626	13427	15439	14404	16177	16524	15967	14250	12304	15152
'2	4530	4492	4920	5346	5000	4918	4150	4618	4810	5450	4712	6406	4282	4484	6116	4592	4610	4582	5024	4768	4894	5142	4640	5004	3910	4292	4462	4538	4324	4646	4600	4668	4040	4636	4898	5566	4760	4546	5286	5244	5236	5096	5816	4784	4988	4894	5056	4544	4114	5170	4664	4648	4898	4906	4256	4768	5124	4764	5420	4954	4422	4580	4892	6052	6158	5626	4892	4814	4784	4602	5154	5186	5772	6148	5560	4030	4638	4356	6556	3322	4800	4492	4862	5356	4294	4770	4718	4306	4358	5054	4890
'3	1836	1914	2109	2277	2235	2112	1749	2136	2010	2430	1836	3147	1755	2076	3225	2028	1989	2223	2022	1995	2235	2409	1701	2034	1551	1806	1971	2151	1818	2130	2079	2103	1620	2064	1989	2520	2070	1983	2388	2253	2271	2259	2622	1887	2307	2196	2412	2070	1818	2607	2022	1827	2253	2115	1764	2328	2076	2163	2307	1956	1884	1785	2241	2550	2811	2634	2103	2097	1860	1758	2130	2352	3045	2808	2622	1650	1770	1740	3123	993	2037	1758	2016	2526	1686	1938	1938	1842	1668	2379	2019
'4	920	944	1196	1148	984	968	708	948	992	1272	868	1708	720	964	2012	852	924	1036	972	936	968	1128	644	900	712	720	928	964	840	960	928	964	772	960	852	1340	1028	924	1252	1188	1208	1280	1488	960	1148	996	1108	1108	820	1216	940	968	1152	1100	876	836	996	1104	1136	884	804	892	952	1476	1500	1380	1124	956	1016	728	1044	1216	1576	1720	1424	600	772	772	1692	324	1020	776	932	1068	848	1092	932	788	720	1120	1072
'5	490	470	645	590	540	620	420	620	540	710	585	1040	390	495	1255	365	475	730	510	435	495	815	400	505	400	390	455	565	395	550	525	540	435	475	435	630	675	605	680	720	680	680	850	470	735	670	710	540	485	770	510	460	670	590	420	530	550	645	695	465	415	475	530	655	880	940	630	465	390	435	565	555	950	885	820	355	505	440	1035	115	510	405	595	715	405	515	540	470	385	515	570
'6	300	402	480	420	372	366	210	456	414	492	342	612	258	294	846	288	378	426	372	282	282	414	168	336	312	198	366	228	354	396	348	318	276	348	270	438	474	378	426	498	516	396	552	258	456	384	426	444	342	534	372	294	558	366	294	318	348	450	384	354	354	270	336	564	534	534	462	360	342	240	378	348	666	534	450	210	222	300	684	42	342	288	306	354	192	300	306	240	294	402	402
'7	231	245	315	315	287	259	154	364	357	217	280	511	224	252	728	217	217	448	217	231	308	266	175	273	238	154	224	245	210	280	245	196	168	189	161	364	238	329	434	322	343	329	469	322	329	231	308	245	273	392	280	217	420	301	252	336	266	385	273	231	266	231	238	371	350	455	322	154	280	217	315	259	462	434	385	140	182	273	427	28	259	182	259	245	133	224	252	231	168	280	364
'8	88	256	208	168	240	200	120	368	320	312	320	552	144	176	592	128	136	264	176	216	216	200	64	152	128	208	216	184	152	160	232	200	168	176	208	264	232	288	280	272	280	208	352	232	280	288	208	216	144	336	176	184	336	224	176	176	168	216	240	144	112	152	168	384	344	384	272	176	176	160	232	264	456	304	312	96	88	192	376	8	224	120	208	176	128	240	224	216	160	240	232
'9	225	207	117	198	153	171	81	288	261	261	207	423	153	135	396	144	108	225	153	234	144	234	63	108	126	90	162	180	180	162	189	117	135	135	108	198	234	279	144	234	189	216	297	162	135	225	171	216	144	234	189	216	297	171	99	63	153	180	261	171	117	171	144	216	270	207	189	117	234	117	162	243	369	342	396	126	81	99	306	18	153	90	99	99	153	216	180	144	90	234	189
'10	190	100	180	120	170	120	40	190	210	130	160	410	160	110	420	40	170	210	180	120	110	150	80	120	120	60	100	130	90	130	80	120	120	110	80	120	220	160	240	160	160	230	180	140	130	200	100	110	160	320	150	170	260	170	100	100	100	280	170	140	170	150	70	140	290	290	220	120	110	80	110	150	390	270	320	40	90	80	270	10	140	100	170	150	110	130	80	120	50	170	190
11-15	363	729	753	411	554	620	310	665	702	662	579	1244	311	599	1442	283	543	891	431	519	371	577	395	400	523	359	320	330	409	486	415	345	473	394	355	591	572	531	674	817	686	628	1191	422	580	665	529	464	427	824	487	455	847	597	292	392	404	617	526	471	426	375	301	892	796	810	768	290	446	361	634	673	1213	1115	868	356	377	392	1210	26	565	460	374	472	220	412	537	467	342	551	715
16-20	249	313	233	196	322	391	108	480	363	376	319	788	243	190	751	109	336	505	330	304	235	246	158	223	147	235	123	139	405	303	246	255	248	183	123	310	451	437	651	430	551	566	763	384	402	398	319	346	376	627	266	309	498	306	120	234	175	455	340	260	292	227	316	512	544	924	446	214	297	195	233	278	733	627	591	208	228	221	540	0	282	139	235	304	219	416	222	155	157	343	494
21-50	867	1095	946	336	1045	953	168	881	1155	738	935	1931	607	700	2388	291	363	1484	1001	974	524	1002	430	727	857	400	508	262	563	285	340	582	477	666	313	859	1205	1068	1098	1112	1111	1119	2036	577	1018	1335	1060	717	939	1621	974	932	1799	670	525	551	445	917	794	1029	808	958	546	1134	1173	2135	1249	614	935	610	1096	990	2205	1674	1678	489	491	837	2432	0	1139	355	473	559	369	987	893	948	225	1382	1085
51-100	235	453	463	61	707	373	0	840	458	154	562	1546	289	116	1242	141	59	462	281	373	539	176	0	379	576	80	88	54	261	0	52	444	69	476	0	62	549	610	780	628	686	378	1215	233	113	811	248	317	433	843	684	473	947	259	0	60	468	241	124	126	244	252	66	423	871	1017	792	147	613	137	441	314	1977	803	764	68	124	227	1233	0	381	134	109	345	0	346	533	287	0	351	549
101-150	363	352	0	0	253	0	130	118	228	111	0	470	0	150	375	121	0	381	309	150	0	124	120	255	268	0	150	0	266	142	142	0	0	0	0	0	575	242	111	206	209	213	360	0	0	127	147	0	411	251	148	108	236	0	132	0	139	0	0	398	387	264	0	220	226	366	121	0	0	143	103	111	480	116	225	108	130	0	498	0	363	0	0	140	0	374	102	140	119	0	240
151-200	162	0	172	0	174	167	0	151	173	371	0	536	0	0	329	0	161	0	160	316	367	0	0	344	0	179	0	190	0	185	0	326	168	318	152	193	495	172	0	0	0	0	179	0	165	170	0	158	179	157	151	513	512	172	0	182	0	155	179	354	343	336	164	199	0	0	347	163	162	0	323	192	170	0	0	0	0	153	885	0	165	181	173	195	155	324	359	321	0	0	170
201-500	245	215	0	210	241	0	0	0	0	0	511	887	206	0	573	0	0	0	0	203	0	0	0	212	664	0	0	0	0	0	0	0	0	0	0	0	1011	0	0	0	0	0	1352	0	0	1436	0	0	0	205	250	268	775	0	0	0	0	0	0	345	350	296	0	0	0	0	1103	0	255	0	0	0	0	0	0	0	0	0	705	0	0	0	0	0	0	0	314	246	0	0	0
501-1000	0	0	0	0	0	0	0	0	0	0	0	0	0	0	0	0	0	0	0	0	0	0	0	0	0	0	0	0	0	0	0	0	0	0	0	0	0	0	0	0	0	0	0	0	0	0	0	0	0	0	0	0	0	0	0	0	0	0	0	0	0	0	0	0	0	0	542	0	0	0	0	0	0	0	0	0	0	0	0	0	0	0	0	0	0	0	0	0	0	0	0
'1001+	0	0	0	0	0	0	0	0	0	0	0	0	0	0	0	0	0	0	0	0	0	0	0	0	0	0	0	0	0	0	0	0	0	0	0	0	0	0	0	0	0	0	0	0	0	0	0	0	0	0	0	0	0	0	0	0	0	0	0	0	0	0	0	0	0	0	0	0	0	0	0	0	0	0	0	0	0	0	0	0	0	0	0	0	0	0	0	0	0	0	0

Number of genes per-species in orthogroup	Percentage of genes	Percentage of genes	Percentage of genes	Percentage of genes	Percentage of genes	Percentage of genes	Percentage of genes	Percentage of genes	Percentage of genes	Percentage of genes	Percentage of genes	Percentage of genes	Percentage of genes	Percentage of genes	Percentage of genes	Percentage of genes	Percentage of genes	Percentage of genes	Percentage of genes	Percentage of genes	Percentage of genes	Percentage of genes	Percentage of genes	Percentage of genes	Percentage of genes	Percentage of genes	Percentage of genes	Percentage of genes	Percentage of genes	Percentage of genes	Percentage of genes	Percentage of genes	Percentage of genes	Percentage of genes	Percentage of genes	Percentage of genes	Percentage of genes	Percentage of genes	Percentage of genes	Percentage of genes	Percentage of genes	Percentage of genes	Percentage of genes	Percentage of genes	Percentage of genes	Percentage of genes	Percentage of genes	Percentage of genes	Percentage of genes	Percentage of genes	Percentage of genes	Percentage of genes	Percentage of genes	Percentage of genes	Percentage of genes	Percentage of genes	Percentage of genes	Percentage of genes	Percentage of genes	Percentage of genes	Percentage of genes	Percentage of genes	Percentage of genes	Percentage of genes	Percentage of genes	Percentage of genes	Percentage of genes	Percentage of genes	Percentage of genes	Percentage of genes	Percentage of genes	Percentage of genes	Percentage of genes	Percentage of genes	Percentage of genes	Percentage of genes	Percentage of genes	Percentage of genes	Percentage of genes	Percentage of genes	Percentage of genes	Percentage of genes	Percentage of genes	Percentage of genes	Percentage of genes	Percentage of genes	Percentage of genes	Percentage of genes	Percentage of genes	Percentage of genes	Percentage of genes
'0	0.0	0.0	0.0	0.0	0.0	0.0	0.0	0.0	0.0	0.0	0.0	0.0	0.0	0.0	0.0	0.0	0.0	0.0	0.0	0.0	0.0	0.0	0.0	0.0	0.0	0.0	0.0	0.0	0.0	0.0	0.0	0.0	0.0	0.0	0.0	0.0	0.0	0.0	0.0	0.0	0.0	0.0	0.0	0.0	0.0	0.0	0.0	0.0	0.0	0.0	0.0	0.0	0.0	0.0	0.0	0.0	0.0	0.0	0.0	0.0	0.0	0.0	0.0	0.0	0.0	0.0	0.0	0.0	0.0	0.0	0.0	0.0	0.0	0.0	0.0	0.0	0.0	0.0	0.0	0.0	0.0	0.0	0.0	0.0	0.0	0.0	0.0	0.0	0.0	0.0	0.0
'1	55.3	51.3	52.5	54.4	49.9	52.0	60.2	54.5	54.9	46.2	48.2	32.7	57.5	50.5	33.9	56.5	57.5	46.3	51.7	52.3	55.5	45.8	56.1	51.2	53.9	56.6	55.8	57.1	55.3	49.3	57.1	56.9	59.7	57.2	57.8	49.8	47.0	54.2	46.0	47.2	47.3	47.3	34.2	51.3	48.1	46.9	43.3	54.7	53.0	39.8	52.0	55.7	44.5	53.8	56.8	57.7	51.4	45.7	52.7	55.5	56.1	56.0	58.3	42.8	41.1	38.2	46.1	57.5	53.0	54.2	50.5	49.0	34.6	38.9	41.7	61.6	58.0	58.6	32.3	63.3	50.7	57.3	53.5	53.4	60.5	54.7	55.2	57.0	60.8	45.9	51.3
'2	16.4	16.1	17.3	19.5	17.2	17.5	18.3	15.3	16.0	19.4	17.5	14.2	17.3	17.5	16.1	19.6	17.6	15.8	18.2	17.1	17.4	19.9	20.7	19.1	15.2	17.2	18.5	18.1	17.0	18.0	17.8	17.1	16.9	16.8	19.9	19.5	14.7	15.7	18.7	18.7	18.6	18.6	13.4	18.9	17.3	14.9	18.5	16.8	15.4	16.9	16.7	15.6	14.2	17.5	18.5	17.6	20.1	17.8	19.0	16.7	15.7	16.3	17.9	19.9	19.8	18.0	14.3	18.1	17.2	20.1	18.2	18.2	16.9	19.8	18.4	17.2	19.0	16.6	14.3	23.0	17.5	18.9	19.4	18.5	18.0	16.1	15.8	15.4	18.6	18.9	16.6
'3	6.7	6.9	7.4	8.3	7.7	7.5	7.7	7.1	6.7	8.6	6.8	7.0	7.1	8.1	8.5	8.7	7.6	7.7	7.3	7.2	8.0	9.3	7.6	7.7	6.0	7.2	8.2	8.6	7.1	8.2	8.1	7.7	6.8	7.5	8.1	8.8	6.4	6.8	8.4	8.0	8.1	8.2	6.0	7.4	8.0	6.7	8.8	7.6	6.8	8.5	7.2	6.1	6.5	7.5	7.7	8.6	8.1	8.1	8.1	6.6	6.7	6.4	8.2	8.4	9.0	8.4	6.1	7.9	6.7	7.7	7.5	8.2	8.9	9.1	8.7	7.0	7.2	6.6	6.8	6.9	7.4	7.4	8.0	8.7	7.1	6.6	6.5	6.6	7.1	8.9	6.8
'4	3.3	3.4	4.2	4.2	3.4	3.4	3.1	3.1	3.3	4.5	3.2	3.8	2.9	3.8	5.3	3.6	3.5	3.6	3.5	3.4	3.4	4.4	2.9	3.4	2.8	2.9	3.8	3.8	3.3	3.7	3.6	3.5	3.2	3.5	3.5	4.7	3.2	3.2	4.4	4.2	4.3	4.7	3.4	3.8	4.0	3.0	4.1	4.1	3.1	4.0	3.4	3.2	3.3	3.9	3.8	3.1	3.9	4.1	4.0	3.0	2.8	3.2	3.5	4.9	4.8	4.4	3.3	3.6	3.6	3.2	3.7	4.3	4.6	5.5	4.7	2.6	3.2	2.9	3.7	2.2	3.7	3.3	3.7	3.7	3.6	3.7	3.1	2.8	3.1	4.2	3.6
'5	1.8	1.7	2.3	2.1	1.9	2.2	1.9	2.1	1.8	2.5	2.2	2.3	1.6	1.9	3.3	1.6	1.8	2.5	1.8	1.6	1.8	3.1	1.8	1.9	1.6	1.6	1.9	2.2	1.6	2.1	2.0	2.0	1.8	1.7	1.8	2.2	2.1	2.1	2.4	2.6	2.4	2.5	2.0	1.9	2.6	2.0	2.6	2.0	1.8	2.5	1.8	1.5	1.9	2.1	1.8	2.0	2.2	2.4	2.4	1.6	1.5	1.7	1.9	2.2	2.8	3.0	1.8	1.8	1.4	1.9	2.0	1.9	2.8	2.9	2.7	1.5	2.1	1.7	2.3	0.8	1.9	1.7	2.4	2.5	1.7	1.7	1.8	1.7	1.6	1.9	1.9
'6	1.1	1.4	1.7	1.5	1.3	1.3	0.9	1.5	1.4	1.7	1.3	1.4	1.0	1.1	2.2	1.2	1.4	1.5	1.3	1.0	1.0	1.6	0.7	1.3	1.2	0.8	1.5	0.9	1.4	1.5	1.3	1.2	1.2	1.3	1.1	1.5	1.5	1.3	1.5	1.8	1.8	1.4	1.3	1.0	1.6	1.2	1.6	1.6	1.3	1.7	1.3	1.0	1.6	1.3	1.3	1.2	1.4	1.7	1.3	1.2	1.3	1.0	1.2	1.9	1.7	1.7	1.3	1.4	1.2	1.0	1.3	1.2	2.0	1.7	1.5	0.9	0.9	1.1	1.5	0.3	1.2	1.2	1.2	1.2	0.8	1.0	1.0	0.9	1.3	1.5	1.4
'7	0.8	0.9	1.1	1.1	1.0	0.9	0.7	1.2	1.2	0.8	1.0	1.1	0.9	1.0	1.9	0.9	0.8	1.5	0.8	0.8	1.1	1.0	0.8	1.0	0.9	0.6	0.9	1.0	0.8	1.1	0.9	0.7	0.7	0.7	0.7	1.3	0.7	1.1	1.5	1.1	1.2	1.2	1.1	1.3	1.1	0.7	1.1	0.9	1.0	1.3	1.0	0.7	1.2	1.1	1.1	1.2	1.0	1.4	1.0	0.8	0.9	0.8	0.9	1.2	1.1	1.5	0.9	0.6	1.0	0.9	1.1	0.9	1.4	1.4	1.3	0.6	0.7	1.0	0.9	0.2	0.9	0.8	1.0	0.8	0.6	0.8	0.8	0.8	0.7	1.0	1.2
'8	0.3	0.9	0.7	0.6	0.8	0.7	0.5	1.2	1.1	1.1	1.2	1.2	0.6	0.7	1.6	0.5	0.5	0.9	0.6	0.8	0.8	0.8	0.3	0.6	0.5	0.8	0.9	0.7	0.6	0.6	0.9	0.7	0.7	0.6	0.8	0.9	0.7	1.0	1.0	1.0	1.0	0.8	0.8	0.9	1.0	0.9	0.8	0.8	0.5	1.1	0.6	0.6	1.0	0.8	0.8	0.7	0.7	0.8	0.8	0.5	0.4	0.5	0.6	1.3	1.1	1.2	0.8	0.7	0.6	0.7	0.8	0.9	1.3	1.0	1.0	0.4	0.4	0.7	0.8	0.1	0.8	0.5	0.8	0.6	0.5	0.8	0.7	0.8	0.7	0.9	0.8
'9	0.8	0.7	0.4	0.7	0.5	0.6	0.4	1.0	0.9	0.9	0.8	0.9	0.6	0.5	1.0	0.6	0.4	0.8	0.6	0.8	0.5	0.9	0.3	0.4	0.5	0.4	0.7	0.7	0.7	0.6	0.7	0.4	0.6	0.5	0.4	0.7	0.7	1.0	0.5	0.8	0.7	0.8	0.7	0.6	0.5	0.7	0.6	0.8	0.5	0.8	0.7	0.7	0.9	0.6	0.4	0.2	0.6	0.7	0.9	0.6	0.4	0.6	0.5	0.7	0.9	0.7	0.6	0.4	0.8	0.5	0.6	0.9	1.1	1.1	1.3	0.5	0.3	0.4	0.7	0.1	0.6	0.4	0.4	0.3	0.6	0.7	0.6	0.5	0.4	0.9	0.6
'10	0.7	0.4	0.6	0.4	0.6	0.4	0.2	0.6	0.7	0.5	0.6	0.9	0.6	0.4	1.1	0.2	0.7	0.7	0.7	0.4	0.4	0.6	0.4	0.5	0.5	0.2	0.4	0.5	0.4	0.5	0.3	0.4	0.5	0.4	0.3	0.4	0.7	0.6	0.8	0.6	0.6	0.8	0.4	0.6	0.5	0.6	0.4	0.4	0.6	1.0	0.5	0.6	0.8	0.6	0.4	0.4	0.4	1.0	0.6	0.5	0.6	0.5	0.3	0.5	0.9	0.9	0.6	0.5	0.4	0.3	0.4	0.5	1.1	0.9	1.1	0.2	0.4	0.3	0.6	0.1	0.5	0.4	0.7	0.5	0.5	0.4	0.3	0.4	0.2	0.6	0.6
11-15	1.3	2.6	2.6	1.5	1.9	2.2	1.4	2.2	2.3	2.4	2.2	2.8	1.3	2.3	3.8	1.2	2.1	3.1	1.6	1.9	1.3	2.2	1.8	1.5	2.0	1.4	1.3	1.3	1.6	1.9	1.6	1.3	2.0	1.4	1.4	2.1	1.8	1.8	2.4	2.9	2.4	2.3	2.7	1.7	2.0	2.0	1.9	1.7	1.6	2.7	1.7	1.5	2.5	2.1	1.3	1.4	1.6	2.3	1.8	1.6	1.5	1.3	1.1	2.9	2.6	2.6	2.2	1.1	1.6	1.6	2.2	2.4	3.6	3.6	2.9	1.5	1.5	1.5	2.6	0.2	2.1	1.9	1.5	1.6	0.9	1.4	1.8	1.7	1.5	2.1	2.4
16-20	0.9	1.1	0.8	0.7	1.1	1.4	0.5	1.6	1.2	1.3	1.2	1.7	1.0	0.7	2.0	0.5	1.3	1.7	1.2	1.1	0.8	1.0	0.7	0.8	0.6	0.9	0.5	0.6	1.6	1.2	1.0	0.9	1.0	0.7	0.5	1.1	1.4	1.5	2.3	1.5	2.0	2.1	1.8	1.5	1.4	1.2	1.2	1.3	1.4	2.1	1.0	1.0	1.4	1.1	0.5	0.9	0.7	1.7	1.2	0.9	1.0	0.8	1.2	1.7	1.7	3.0	1.3	0.8	1.1	0.9	0.8	1.0	2.2	2.0	2.0	0.9	0.9	0.8	1.2	0.0	1.0	0.6	0.9	1.1	0.9	1.4	0.7	0.6	0.7	1.3	1.7
21-50	3.1	3.9	3.3	1.2	3.6	3.4	0.7	2.9	3.8	2.6	3.5	4.3	2.5	2.7	6.3	1.2	1.4	5.1	3.6	3.5	1.9	3.9	1.9	2.8	3.3	1.6	2.1	1.0	2.2	1.1	1.3	2.1	2.0	2.4	1.3	3.0	3.7	3.7	3.9	4.0	3.9	4.1	4.7	2.3	3.5	4.1	3.9	2.6	3.5	5.3	3.5	3.1	5.2	2.4	2.3	2.0	1.7	3.4	2.8	3.5	2.9	3.4	2.0	3.7	3.8	6.8	3.6	2.3	3.4	2.7	3.9	3.5	6.5	5.4	5.6	2.1	2.0	3.2	5.3	0.0	4.2	1.5	1.9	1.9	1.6	3.3	3.0	3.4	1.0	5.2	3.7
51-100	0.9	1.6	1.6	0.2	2.4	1.3	0.0	2.8	1.5	0.5	2.1	3.4	1.2	0.5	3.3	0.6	0.2	1.6	1.0	1.3	1.9	0.7	0.0	1.4	2.2	0.3	0.4	0.2	1.0	0.0	0.2	1.6	0.3	1.7	0.0	0.2	1.7	2.1	2.8	2.2	2.4	1.4	2.8	0.9	0.4	2.5	0.9	1.2	1.6	2.8	2.4	1.6	2.8	0.9	0.0	0.2	1.8	0.9	0.4	0.4	0.9	0.9	0.2	1.4	2.8	3.2	2.3	0.6	2.2	0.6	1.6	1.1	5.8	2.6	2.5	0.3	0.5	0.9	2.7	0.0	1.4	0.6	0.4	1.2	0.0	1.2	1.8	1.0	0.0	1.3	1.9
101-150	1.3	1.3	0.0	0.0	0.9	0.0	0.6	0.4	0.8	0.4	0.0	1.0	0.0	0.6	1.0	0.5	0.0	1.3	1.1	0.5	0.0	0.5	0.5	1.0	1.0	0.0	0.6	0.0	1.0	0.5	0.6	0.0	0.0	0.0	0.0	0.0	1.8	0.8	0.4	0.7	0.7	0.8	0.8	0.0	0.0	0.4	0.5	0.0	1.5	0.8	0.5	0.4	0.7	0.0	0.6	0.0	0.5	0.0	0.0	1.3	1.4	0.9	0.0	0.7	0.7	1.2	0.4	0.0	0.0	0.6	0.4	0.4	1.4	0.4	0.7	0.5	0.5	0.0	1.1	0.0	1.3	0.0	0.0	0.5	0.0	1.3	0.3	0.5	0.5	0.0	0.8
151-200	0.6	0.0	0.6	0.0	0.6	0.6	0.0	0.5	0.6	1.3	0.0	1.2	0.0	0.0	0.9	0.0	0.6	0.0	0.6	1.1	1.3	0.0	0.0	1.3	0.0	0.7	0.0	0.8	0.0	0.7	0.0	1.2	0.7	1.2	0.6	0.7	1.5	0.6	0.0	0.0	0.0	0.0	0.4	0.0	0.6	0.5	0.0	0.6	0.7	0.5	0.5	1.7	1.5	0.6	0.0	0.7	0.0	0.6	0.6	1.2	1.2	1.2	0.6	0.7	0.0	0.0	1.0	0.6	0.6	0.0	1.1	0.7	0.5	0.0	0.0	0.0	0.0	0.6	1.9	0.0	0.6	0.8	0.7	0.7	0.7	1.1	1.2	1.1	0.0	0.0	0.6
201-500	0.9	0.8	0.0	0.8	0.8	0.0	0.0	0.0	0.0	0.0	1.9	2.0	0.8	0.0	1.5	0.0	0.0	0.0	0.0	0.7	0.0	0.0	0.0	0.8	2.6	0.0	0.0	0.0	0.0	0.0	0.0	0.0	0.0	0.0	0.0	0.0	3.1	0.0	0.0	0.0	0.0	0.0	3.1	0.0	0.0	4.4	0.0	0.0	0.0	0.7	0.9	0.9	2.3	0.0	0.0	0.0	0.0	0.0	0.0	1.2	1.2	1.1	0.0	0.0	0.0	0.0	3.2	0.0	0.9	0.0	0.0	0.0	0.0	0.0	0.0	0.0	0.0	0.0	1.5	0.0	0.0	0.0	0.0	0.0	0.0	0.0	1.0	0.9	0.0	0.0	0.0
501-1000	0.0	0.0	0.0	0.0	0.0	0.0	0.0	0.0	0.0	0.0	0.0	0.0	0.0	0.0	0.0	0.0	0.0	0.0	0.0	0.0	0.0	0.0	0.0	0.0	0.0	0.0	0.0	0.0	0.0	0.0	0.0	0.0	0.0	0.0	0.0	0.0	0.0	0.0	0.0	0.0	0.0	0.0	0.0	0.0	0.0	0.0	0.0	0.0	0.0	0.0	0.0	0.0	0.0	0.0	0.0	0.0	0.0	0.0	0.0	0.0	0.0	0.0	0.0	0.0	0.0	0.0	1.6	0.0	0.0	0.0	0.0	0.0	0.0	0.0	0.0	0.0	0.0	0.0	0.0	0.0	0.0	0.0	0.0	0.0	0.0	0.0	0.0	0.0	0.0	0.0	0.0
'1001+	0.0	0.0	0.0	0.0	0.0	0.0	0.0	0.0	0.0	0.0	0.0	0.0	0.0	0.0	0.0	0.0	0.0	0.0	0.0	0.0	0.0	0.0	0.0	0.0	0.0	0.0	0.0	0.0	0.0	0.0	0.0	0.0	0.0	0.0	0.0	0.0	0.0	0.0	0.0	0.0	0.0	0.0	0.0	0.0	0.0	0.0	0.0	0.0	0.0	0.0	0.0	0.0	0.0	0.0	0.0	0.0	0.0	0.0	0.0	0.0	0.0	0.0	0.0	0.0	0.0	0.0	0.0	0.0	0.0	0.0	0.0	0.0	0.0	0.0	0.0	0.0	0.0	0.0	0.0	0.0	0.0	0.0	0.0	0.0	0.0	0.0	0.0	0.0	0.0	0.0	0.0
